Date,Time,Sale_Price,Units_Sold,Revenue
2026-01-01,13:23:15,716.85,6,4301.1
2026-01-02,09:14:20,756.78,20,15135.6
2026-01-03,19:35:58,853.96,33,28180.68
2026-01-04,12:08:04,787.09,24,18890.16
2026-01-05,10:44:25,830.39,27,22420.53
2026-01-06,13:40:50,747.34,48,35872.32
2026-01-07,19:19:54,768.8,30,23064.0
2026-01-08,15:06:02,705.26,29,20452.54
2026-01-09,13:27:03,589.1,37,21796.7
2026-01-10,20:24:50,739.24,34,25134.16
2026-01-11,09:28:05,848.7,22,18671.4
2026-01-12,09:12:49,776.19,32,24838.08
2026-01-13,09:40:33,791.78,36,28504.08
2026-01-14,10:28:31,840.71,14,11769.94
2026-01-15,19:30:19,882.73,18,15889.14
2026-01-16,19:53:08,763.63,18,13745.34
2026-01-17,13:52:48,609.88,12,7318.56
2026-01-18,14:29:29,617.15,9,5554.35
2026-01-19,16:58:13,804.15,1,804.15
2026-01-20,10:46:36,855.09,1,855.09
2026-01-21,16:38:00,911.69,1,911.69
2026-01-22,20:30:34,813.0,1,813.0
2026-01-23,16:07:38,564.94,2,1129.88
2026-01-24,14:15:42,869.96,1,869.96
2026-01-25,14:07:11,630.36,1,630.36
2026-01-26,09:45:47,629.5,2,1259.0
2026-01-27,09:03:09,770.53,1,770.53
2026-01-28,14:18:38,937.92,1,937.92
2026-01-29,18:56:13,597.03,7,4179.21
2026-01-30,09:31:39,542.29,16,8676.64
2026-01-31,09:21:07,815.31,26,21198.06
2026-02-01,17:45:51,1119.17,19,21264.23
2026-02-02,12:09:54,757.5,20,15150.0
2026-02-03,09:59:16,693.76,43,29831.68
2026-02-04,10:04:50,925.72,31,28697.32
2026-02-05,20:33:26,873.67,33,28831.11
2026-02-06,17:32:20,683.77,38,25983.26
2026-02-07,13:01:42,704.48,30,21134.4
2026-02-08,15:02:57,688.5,41,28228.5
2026-02-09,11:57:07,670.65,45,30179.25
2026-02-10,11:26:32,611.3,37,22618.1
2026-02-11,20:57:01,811.35,36,29208.6
2026-02-12,11:20:33,703.75,25,17593.75
2026-02-13,20:56:41,856.16,23,19691.68
2026-02-14,12:03:36,825.49,22,18160.78
2026-02-15,15:38:17,834.27,16,13348.32
2026-02-16,09:43:32,892.19,1,892.19
2026-02-17,15:31:23,789.93,2,1579.86
2026-02-18,13:45:59,682.43,14,9554.02
2026-02-19,20:23:14,812.0,1,812.0
2026-02-20,13:02:21,817.85,1,817.85
2026-02-21,18:58:40,619.74,1,619.74
2026-02-22,16:22:11,861.7,1,861.7
2026-02-23,09:26:25,460.69,6,2764.14
2026-02-24,10:05:43,624.11,1,624.11
2026-02-25,15:38:59,878.24,1,878.24
2026-02-26,14:24:17,871.27,1,871.27
2026-02-27,09:17:01,697.82,7,4884.74
2026-02-28,12:14:13,536.93,5,2684.65
2026-03-01,12:43:37,700.49,6,4202.94
2026-03-02,20:19:17,601.53,31,18647.43
2026-03-03,11:41:32,666.13,21,13988.73
2026-03-04,10:54:33,765.14,38,29075.32
2026-03-05,10:34:35,533.46,42,22405.32
2026-03-06,09:02:41,820.4,37,30354.8
2026-03-07,19:17:45,798.31,41,32730.71
2026-03-08,16:22:37,809.22,30,24276.6
2026-03-09,18:22:43,503.95,48,24189.6
2026-03-10,18:03:26,670.29,53,35525.37
2026-03-11,12:12:14,716.56,46,32961.76
2026-03-12,17:05:27,583.27,43,25080.61
2026-03-13,20:13:17,772.78,47,36320.66
2026-03-14,16:10:51,641.06,32,20513.92
2026-03-15,09:16:56,838.42,21,17606.82
2026-03-16,15:44:13,729.87,24,17516.88
2026-03-17,15:44:36,827.94,21,17386.74
2026-03-18,15:27:27,587.11,3,1761.33
2026-03-19,15:45:00,778.64,9,7007.76
2026-03-20,11:22:09,804.42,7,5630.94
2026-03-21,13:47:42,772.99,1,772.99
2026-03-22,11:34:28,980.2,1,980.2
2026-03-23,14:54:31,702.18,1,702.18
2026-03-24,12:23:05,792.36,7,5546.52
2026-03-25,14:54:03,424.22,1,424.22
2026-03-26,19:51:39,524.74,4,2098.96
2026-03-27,11:22:51,531.6,1,531.6
2026-03-28,20:06:16,634.68,1,634.68
2026-03-29,19:34:04,659.31,1,659.31
2026-03-30,20:19:34,737.04,11,8107.44
2026-03-31,09:42:48,689.41,15,10341.15
2026-04-01,09:33:47,797.5,13,10367.5
2026-04-02,09:44:55,711.96,11,7831.56
2026-04-03,10:27:38,848.46,21,17817.66
2026-04-04,15:06:42,662.8,34,22535.2
2026-04-05,19:58:24,804.03,41,32965.23
2026-04-06,18:12:39,723.87,40,28954.8
2026-04-07,12:53:06,788.49,43,33905.07
2026-04-08,12:31:06,621.09,42,26085.78
2026-04-09,19:44:20,652.5,57,37192.5
2026-04-10,09:59:21,836.65,33,27609.45
2026-04-11,16:27:34,625.48,37,23142.76
2026-04-12,19:49:12,726.87,34,24713.58
2026-04-13,15:17:42,676.94,38,25723.72
2026-04-14,11:19:52,663.51,23,15260.73
2026-04-15,17:28:55,787.02,24,18888.48
2026-04-16,12:37:47,595.12,22,13092.64
2026-04-17,15:33:19,744.43,8,5955.44
2026-04-18,18:47:02,725.61,11,7981.71
2026-04-19,12:17:17,753.0,1,753.0
2026-04-20,12:53:59,652.51,1,652.51
2026-04-21,17:33:38,799.61,1,799.61
2026-04-22,14:18:35,771.56,1,771.56
2026-04-23,12:02:45,830.66,1,830.66
2026-04-24,15:48:58,668.05,1,668.05
2026-04-25,20:48:50,737.63,2,1475.26
2026-04-26,10:24:16,606.24,1,606.24
2026-04-27,18:01:22,515.48,1,515.48
2026-04-28,11:15:10,1035.05,6,6210.3
2026-04-29,12:49:33,658.98,2,1317.96
2026-04-30,16:34:26,725.35,4,2901.4
2026-05-01,13:50:12,920.22,21,19324.62
2026-05-02,18:14:30,567.61,27,15325.47
2026-05-03,10:55:10,764.65,36,27527.4
2026-05-04,16:04:06,569.67,22,12532.74
2026-05-05,09:03:26,844.43,26,21955.18
2026-05-06,14:58:38,537.67,44,23657.48
2026-05-07,15:12:41,505.04,50,25252.0
2026-05-08,15:30:19,692.17,51,35300.67
2026-05-09,20:32:03,730.01,45,32850.45
2026-05-10,15:13:23,712.12,45,32045.4
2026-05-11,14:02:21,784.15,37,29013.55
2026-05-12,13:07:00,840.53,47,39504.91
2026-05-13,20:12:22,1018.52,21,21388.92
2026-05-14,10:46:14,770.98,31,23900.38
2026-05-15,09:27:58,761.76,17,12949.92
2026-05-16,18:23:47,764.85,23,17591.55
2026-05-17,13:29:58,546.62,10,5466.2
2026-05-18,11:45:14,813.14,13,10570.82
2026-05-19,16:44:50,517.5,10,5175.0
2026-05-20,15:11:39,852.25,11,9374.75
2026-05-21,20:49:17,915.38,1,915.38
2026-05-22,09:44:53,773.66,1,773.66
2026-05-23,17:11:07,691.98,1,691.98
2026-05-24,17:15:23,843.53,1,843.53
2026-05-25,10:00:27,988.94,1,988.94
2026-05-26,16:12:19,1029.84,1,1029.84
2026-05-27,20:55:41,674.11,1,674.11
2026-05-28,15:03:54,762.44,9,6861.96
2026-05-29,14:00:47,636.09,11,6996.99
2026-05-30,16:15:05,740.58,11,8146.38
2026-05-31,11:50:30,724.43,15,10866.45
2026-06-01,13:21:47,454.14,25,11353.5
2026-06-02,15:06:16,673.87,32,21563.84
2026-06-03,15:36:16,816.97,36,29410.92
2026-06-04,17:21:20,524.13,28,14675.64
2026-06-05,09:21:46,765.5,51,39040.5
2026-06-06,10:52:56,573.65,56,32124.4
2026-06-07,16:34:11,733.26,29,21264.54
2026-06-08,11:37:54,897.97,50,44898.5
2026-06-09,20:11:34,658.33,53,34891.49
2026-06-10,15:05:59,720.27,42,30251.34
2026-06-11,10:32:10,552.17,33,18221.61
2026-06-12,17:08:40,995.17,38,37816.46
2026-06-13,10:02:28,614.81,31,19059.11
2026-06-14,17:52:48,837.59,28,23452.52
2026-06-15,18:02:42,779.42,35,27279.7
2026-06-16,12:45:45,913.21,14,12784.94
2026-06-17,09:11:03,544.19,7,3809.33
2026-06-18,18:39:26,654.42,5,3272.1
2026-06-19,11:13:14,716.97,1,716.97
2026-06-20,16:47:01,508.36,6,3050.16
2026-06-21,17:25:03,897.7,1,897.7
2026-06-22,09:55:04,623.82,1,623.82
2026-06-23,19:55:53,713.4,1,713.4
2026-06-24,13:54:35,696.2,1,696.2
2026-06-25,15:38:58,806.17,1,806.17
2026-06-26,15:34:24,825.36,1,825.36
2026-06-27,09:27:16,690.94,9,6218.46
2026-06-28,14:34:40,612.53,13,7962.89
2026-06-29,16:42:08,635.67,12,7628.04
2026-06-30,16:25:36,845.92,33,27915.36
2026-07-01,16:57:53,714.51,33,23578.83
2026-07-02,19:25:05,699.22,24,16781.28
2026-07-03,09:14:14,792.38,41,32487.58
2026-07-04,15:49:08,552.15,52,28711.8
2026-07-05,19:43:43,963.47,40,38538.8
2026-07-06,11:03:12,649.85,49,31842.65
2026-07-07,14:59:16,820.3,47,38554.1
2026-07-08,19:42:39,863.16,29,25031.64
2026-07-09,16:18:29,799.25,43,34367.75
2026-07-10,15:05:19,806.19,40,32247.6
2026-07-11,10:22:11,855.56,48,41066.88
2026-07-12,18:09:30,929.05,35,32516.75
2026-07-13,12:31:28,795.85,29,23079.65
2026-07-14,16:02:22,785.98,25,19649.5
2026-07-15,19:19:17,716.94,29,20791.26
2026-07-16,09:38:47,524.74,19,9970.06
2026-07-17,20:19:32,702.3,7,4916.1
2026-07-18,20:15:45,807.59,4,3230.36
2026-07-19,09:03:17,672.86,11,7401.46
2026-07-20,15:31:49,861.73,1,861.73
2026-07-21,18:38:18,808.13,1,808.13
2026-07-22,13:11:27,926.48,1,926.48
2026-07-23,15:17:51,673.42,1,673.42
2026-07-24,15:59:44,787.26,1,787.26
2026-07-25,16:44:08,817.04,1,817.04
2026-07-26,20:41:47,511.81,5,2559.05
2026-07-27,14:44:26,715.43,17,12162.31
2026-07-28,13:21:48,630.4,6,3782.4
2026-07-29,16:19:30,987.39,8,7899.12
2026-07-30,09:46:51,648.52,15,9727.8
2026-07-31,10:49:06,736.49,17,12520.33
2026-08-01,18:39:14,873.66,29,25336.14
2026-08-02,17:23:26,603.93,35,21137.55
2026-08-03,20:25:06,596.39,56,33397.84
2026-08-04,12:10:11,812.07,41,33294.87
2026-08-05,09:48:31,756.32,55,41597.6
2026-08-06,09:28:54,689.72,55,37934.6
2026-08-07,14:03:47,589.71,48,28306.08
2026-08-08,11:24:40,801.21,60,48072.6
2026-08-09,14:22:40,834.93,44,36736.92
2026-08-10,14:05:43,787.84,51,40179.84
2026-08-11,10:35:59,888.48,44,39093.12
2026-08-12,15:24:38,619.41,38,23537.58
2026-08-13,18:45:53,670.12,34,22784.08
2026-08-14,12:05:11,428.71,33,14147.43
2026-08-15,19:25:04,853.93,7,5977.51
2026-08-16,09:30:02,752.94,13,9788.22
2026-08-17,11:15:55,545.88,19,10371.72
2026-08-18,11:15:20,544.45,18,9800.1
2026-08-19,19:56:24,614.37,1,614.37
2026-08-20,15:05:18,889.13,1,889.13
2026-08-21,14:40:45,709.7,1,709.7
2026-08-22,17:25:06,733.79,1,733.79
2026-08-23,13:37:26,659.16,3,1977.48
2026-08-24,17:37:45,635.64,5,3178.2
2026-08-25,15:59:59,517.2,12,6206.4
2026-08-26,20:39:36,537.55,22,11826.1
2026-08-27,13:32:51,613.18,21,12876.78
2026-08-28,12:17:15,758.67,20,15173.4
2026-08-29,09:34:09,725.05,36,26101.8
2026-08-30,17:46:56,631.89,38,24011.82
2026-08-31,19:36:31,1107.18,26,28786.68
2026-09-01,14:48:52,721.34,30,21640.2
2026-09-02,17:17:35,900.49,32,28815.68
2026-09-03,10:59:18,921.15,48,44215.2
2026-09-04,20:56:56,654.05,44,28778.2
2026-09-05,11:03:20,828.81,40,33152.4
2026-09-06,20:50:42,733.37,43,31534.91
2026-09-07,13:12:31,589.13,45,26510.85
2026-09-08,09:19:14,840.71,49,41194.79
2026-09-09,10:14:59,681.83,42,28636.86
2026-09-10,10:44:55,751.73,28,21048.44
2026-09-11,12:23:03,703.12,35,24609.2
2026-09-12,17:08:19,748.69,30,22460.7
2026-09-13,12:34:34,672.47,21,14121.87
2026-09-14,18:05:11,823.4,25,20585.0
2026-09-15,10:32:19,974.48,6,5846.88
2026-09-16,20:46:45,889.53,14,12453.42
2026-09-17,09:42:37,760.74,9,6846.66
2026-09-18,19:39:20,758.35,8,6066.8
2026-09-19,13:34:42,744.89,1,744.89
2026-09-20,09:36:40,1036.91,1,1036.91
2026-09-21,09:49:21,769.41,1,769.41
2026-09-22,14:55:57,642.04,1,642.04
2026-09-23,12:19:29,758.29,10,7582.9
2026-09-24,09:47:49,747.32,1,747.32
2026-09-25,16:57:23,705.74,6,4234.44
2026-09-26,15:52:16,824.38,5,4121.9
2026-09-27,19:41:07,958.69,20,19173.8
2026-09-28,15:28:48,632.55,15,9488.25
2026-09-29,16:11:16,838.02,32,26816.64
2026-09-30,14:54:55,584.92,44,25736.48
2026-10-01,10:06:27,610.43,45,27469.35
2026-10-02,15:13:19,747.13,48,35862.24
2026-10-03,18:26:26,645.12,53,34191.36
2026-10-04,14:48:00,617.58,44,27173.52
2026-10-05,10:18:55,638.28,61,38935.08
2026-10-06,10:15:55,902.69,43,38815.67
2026-10-07,20:38:34,673.06,49,32979.94
2026-10-08,20:20:18,389.66,50,19483.0
2026-10-09,14:30:30,666.95,48,32013.6
2026-10-10,13:50:29,892.47,33,29451.51
2026-10-11,10:54:53,688.97,36,24802.92
2026-10-12,12:59:33,828.77,20,16575.4
2026-10-13,09:57:16,605.64,35,21197.4
2026-10-14,11:25:54,602.75,27,16274.25
2026-10-15,11:57:57,719.02,13,9347.26
2026-10-16,10:38:15,668.98,8,5351.84
2026-10-17,14:28:58,704.63,11,7750.93
2026-10-18,17:32:26,961.58,1,961.58
2026-10-19,17:59:12,757.32,2,1514.64
2026-10-20,20:03:10,887.19,6,5323.14
2026-10-21,20:38:39,875.53,1,875.53
2026-10-22,10:33:20,896.74,1,896.74
2026-10-23,17:05:24,809.06,4,3236.24
2026-10-24,16:40:43,804.35,5,4021.75
2026-10-25,20:19:24,1004.21,2,2008.42
2026-10-26,11:30:07,698.01,24,16752.24
2026-10-27,19:23:30,804.14,15,12062.1
2026-10-28,20:14:07,731.24,13,9506.12
2026-10-29,11:16:48,727.28,35,25454.8
2026-10-30,14:09:49,686.9,28,19233.2
2026-10-31,13:50:53,738.62,45,33237.9
2026-11-01,19:03:32,884.21,51,45094.71
2026-11-02,18:03:55,880.05,49,43122.45
2026-11-03,18:23:48,749.93,56,41996.08
2026-11-04,14:11:51,650.2,66,42913.2
2026-11-05,09:57:00,789.66,56,44220.96
2026-11-06,17:40:16,557.38,55,30655.9
2026-11-07,09:05:01,775.78,58,44995.24
2026-11-08,09:11:39,733.04,57,41783.28
2026-11-09,09:03:10,938.01,49,45962.49
2026-11-10,11:54:52,578.57,35,20249.95
2026-11-11,18:55:43,794.38,20,15887.6
2026-11-12,10:41:42,741.54,22,16313.88
2026-11-13,14:29:38,689.34,26,17922.84
2026-11-14,16:24:01,656.71,18,11820.78
2026-11-15,18:36:24,887.0,7,6209.0
2026-11-16,18:05:45,662.68,13,8614.84
2026-11-17,15:24:53,978.55,1,978.55
2026-11-18,09:09:29,586.64,6,3519.84
2026-11-19,19:36:50,840.11,7,5880.77
2026-11-20,18:37:43,896.39,2,1792.78
2026-11-21,19:10:31,740.31,7,5182.17
2026-11-22,11:04:15,742.33,16,11877.28
2026-11-23,10:06:54,708.46,8,5667.68
2026-11-24,12:04:53,745.28,7,5216.96
2026-11-25,14:01:10,625.89,26,16273.14
2026-11-26,18:56:17,936.1,26,24338.6
2026-11-27,13:35:38,681.72,31,21133.32
2026-11-28,11:58:49,791.1,29,22941.9
2026-11-29,18:29:37,731.07,37,27049.59
2026-11-30,09:13:04,658.58,34,22391.72
2026-12-01,16:42:31,657.91,54,35527.14
2026-12-02,20:21:04,500.9,60,30054.0
2026-12-03,20:12:08,837.05,39,32644.95
2026-12-04,12:28:53,814.8,56,45628.8
2026-12-05,20:08:31,601.41,57,34280.37
2026-12-06,20:06:14,739.86,43,31813.98
2026-12-07,10:36:41,563.87,43,24246.41
2026-12-08,14:19:50,736.19,48,35337.12
2026-12-09,19:45:54,742.64,39,28962.96
2026-12-10,17:13:12,769.35,49,37698.15
2026-12-11,11:57:27,773.53,38,29394.14
2026-12-12,11:25:16,776.44,29,22516.76
2026-12-13,15:29:15,734.6,25,18365.0
2026-12-14,15:06:49,655.58,28,18356.24
2026-12-15,15:46:16,714.53,19,13576.07
2026-12-16,10:19:40,840.07,10,8400.7
2026-12-17,09:39:28,597.13,1,597.13
2026-12-18,12:20:39,864.14,22,19011.08
2026-12-19,10:50:55,792.92,1,792.92
2026-12-20,20:22:21,747.94,1,747.94
2026-12-21,10:14:55,732.8,1,732.8
2026-12-22,12:01:33,686.86,10,6868.6
2026-12-23,16:05:47,828.29,8,6626.32
2026-12-24,15:13:06,639.45,20,12789.0
2026-12-25,12:43:23,880.7,2,1761.4
2026-12-26,17:54:57,777.61,29,22550.69
2026-12-27,12:38:41,904.87,19,17192.53
2026-12-28,12:02:46,709.85,32,22715.2
2026-12-29,18:20:21,741.87,44,32642.28
2026-12-30,16:51:52,752.37,44,33104.28
2026-12-31,15:17:57,918.16,45,41317.2
2027-01-01,17:41:29,840.78,53,44561.34
2027-01-02,17:37:04,834.76,53,44242.28
2027-01-03,20:51:15,766.67,50,38333.5
2027-01-04,10:19:37,625.11,53,33130.83
2027-01-05,17:15:49,807.78,52,42004.56
2027-01-06,13:15:38,945.44,39,36872.16
2027-01-07,09:41:31,684.45,54,36960.3
2027-01-08,16:33:56,643.88,46,29618.48
2027-01-09,13:03:19,698.8,39,27253.2
2027-01-10,14:25:08,863.55,39,33678.45
2027-01-11,09:50:51,666.96,28,18674.88
2027-01-12,15:00:06,682.28,22,15010.16
2027-01-13,15:01:39,709.45,15,10641.75
2027-01-14,09:14:36,577.67,19,10975.73
2027-01-15,17:54:53,766.81,11,8434.91
2027-01-16,10:09:02,652.61,3,1957.83
2027-01-17,13:13:22,910.66,1,910.66
2027-01-18,20:02:14,698.79,1,698.79
2027-01-19,10:57:59,930.7,1,930.7
2027-01-20,11:13:07,812.0,1,812.0
2027-01-21,19:59:27,686.83,6,4120.98
2027-01-22,17:02:20,734.18,1,734.18
2027-01-23,19:20:33,711.93,11,7831.23
2027-01-24,13:43:39,888.65,11,9775.15
2027-01-25,14:01:17,767.54,30,23026.2
2027-01-26,16:17:38,740.34,21,15547.14
2027-01-27,14:52:16,662.35,30,19870.5
2027-01-28,11:18:31,695.95,37,25750.15
2027-01-29,13:46:54,770.68,39,30056.52
2027-01-30,12:54:58,672.02,58,38977.16
2027-01-31,16:50:51,589.23,45,26515.35
2027-02-01,19:32:25,759.39,49,37210.11
2027-02-02,16:12:25,608.99,58,35321.42
2027-02-03,16:01:56,1027.41,54,55480.14
2027-02-04,17:56:57,765.63,49,37515.87
2027-02-05,11:18:28,835.29,35,29235.15
2027-02-06,10:39:09,919.81,43,39551.83
2027-02-07,09:19:10,716.14,53,37955.42
2027-02-08,15:39:04,736.23,41,30185.43
2027-02-09,18:38:19,706.96,36,25450.56
2027-02-10,11:33:24,679.73,23,15633.79
2027-02-11,09:18:01,655.84,17,11149.28
2027-02-12,17:08:25,678.25,20,13565.0
2027-02-13,13:41:36,807.43,3,2422.29
2027-02-14,11:10:05,675.64,17,11485.88
2027-02-15,10:27:17,921.53,1,921.53
2027-02-16,14:34:16,911.47,2,1822.94
2027-02-17,09:55:43,723.08,1,723.08
2027-02-18,12:45:00,742.78,1,742.78
2027-02-19,17:09:35,669.71,1,669.71
2027-02-20,11:41:02,649.02,1,649.02
2027-02-21,13:42:44,974.76,10,9747.6
2027-02-22,11:15:30,763.37,26,19847.62
2027-02-23,14:25:31,865.97,25,21649.25
2027-02-24,09:27:59,828.34,27,22365.18
2027-02-25,09:58:26,658.28,28,18431.84
2027-02-26,12:41:24,860.82,38,32711.16
2027-02-27,11:00:53,776.99,48,37295.52
2027-02-28,14:18:48,724.5,45,32602.5
2027-03-01,16:45:32,644.41,42,27065.22
2027-03-02,11:37:15,850.96,46,39144.16
2027-03-03,12:41:36,770.31,65,50070.15
2027-03-04,17:27:25,939.37,50,46968.5
2027-03-05,12:40:45,765.11,31,23718.41
2027-03-06,17:05:24,788.15,42,33102.3
2027-03-07,17:18:19,719.05,49,35233.45
2027-03-08,18:47:27,692.98,56,38806.88
2027-03-09,17:07:02,798.77,42,33548.34
2027-03-10,16:16:51,929.41,44,40894.04
2027-03-11,19:20:20,915.19,28,25625.32
2027-03-12,16:24:06,647.78,18,11660.04
2027-03-13,19:44:09,604.78,24,14514.72
2027-03-14,15:24:09,815.0,21,17115.0
2027-03-15,12:54:29,559.23,20,11184.6
2027-03-16,18:03:00,887.74,1,887.74
2027-03-17,17:50:43,633.66,8,5069.28
2027-03-18,09:47:29,848.07,23,19505.61
2027-03-19,20:09:18,786.16,1,786.16
2027-03-20,15:28:09,779.03,9,7011.27
2027-03-21,18:47:37,751.02,1,751.02
2027-03-22,11:43:43,729.44,15,10941.6
2027-03-23,20:39:35,602.98,8,4823.84
2027-03-24,11:39:00,656.0,20,13120.0
2027-03-25,13:32:44,500.09,15,7501.35
2027-03-26,10:16:51,958.45,23,22044.35
2027-03-27,16:41:03,656.58,26,17071.08
2027-03-28,19:44:06,907.14,28,25399.92
2027-03-29,17:36:17,592.67,46,27262.82
2027-03-30,17:06:08,725.45,42,30468.9
2027-03-31,16:04:31,897.99,49,44001.51
2027-04-01,15:18:07,705.53,52,36687.56
2027-04-02,09:14:11,825.62,53,43757.86
2027-04-03,14:01:11,610.13,61,37217.93
2027-04-04,10:53:53,890.26,50,44513.0
2027-04-05,12:18:58,807.11,46,37127.06
2027-04-06,18:46:35,703.83,49,34487.67
2027-04-07,16:15:44,579.49,61,35348.89
2027-04-08,10:06:40,798.29,45,35923.05
2027-04-09,10:24:12,646.41,37,23917.17
2027-04-10,18:51:46,527.33,43,22675.19
2027-04-11,16:47:54,722.94,35,25302.9
2027-04-12,19:35:55,632.53,31,19608.43
2027-04-13,20:19:30,928.5,11,10213.5
2027-04-14,17:58:40,565.97,15,8489.55
2027-04-15,19:38:24,690.73,9,6216.57
2027-04-16,10:05:13,633.24,9,5699.16
2027-04-17,13:50:50,700.21,12,8402.52
2027-04-18,15:41:47,695.1,9,6255.9
2027-04-19,14:46:04,826.47,7,5785.29
2027-04-20,14:41:31,737.74,17,12541.58
2027-04-21,19:41:34,622.0,17,10574.0
2027-04-22,09:56:13,857.5,10,8575.0
2027-04-23,12:22:41,645.19,10,6451.9
2027-04-24,17:53:16,509.68,20,10193.6
2027-04-25,16:32:02,813.41,23,18708.43
2027-04-26,18:40:50,527.22,41,21616.02
2027-04-27,16:35:50,729.12,37,26977.44
2027-04-28,16:37:52,670.94,38,25495.72
2027-04-29,16:59:21,825.25,40,33010.0
2027-04-30,16:02:31,896.69,47,42144.43
2027-05-01,15:25:32,631.84,61,38542.24
2027-05-02,13:15:05,682.19,68,46388.92
2027-05-03,11:43:37,728.97,55,40093.35
2027-05-04,12:07:41,885.33,54,47807.82
2027-05-05,09:06:57,944.2,43,40600.6
2027-05-06,20:32:56,757.4,67,50745.8
2027-05-07,14:39:18,837.4,39,32658.6
2027-05-08,09:54:27,670.63,56,37555.28
2027-05-09,13:46:49,835.65,38,31754.7
2027-05-10,15:40:52,645.09,35,22578.15
2027-05-11,19:41:53,829.6,23,19080.8
2027-05-12,16:14:52,807.87,43,34738.41
2027-05-13,12:08:58,639.28,25,15982.0
2027-05-14,09:06:52,677.34,19,12869.46
2027-05-15,11:05:43,625.42,22,13759.24
2027-05-16,20:12:35,804.5,5,4022.5
2027-05-17,18:18:16,589.09,11,6479.99
2027-05-18,15:32:28,668.19,9,6013.71
2027-05-19,16:36:24,755.01,4,3020.04
2027-05-20,19:45:56,630.08,19,11971.52
2027-05-21,14:14:48,671.12,10,6711.2
2027-05-22,18:55:35,733.77,3,2201.31
2027-05-23,13:51:46,884.27,13,11495.51
2027-05-24,14:41:03,732.3,24,17575.2
2027-05-25,13:59:15,961.27,17,16341.59
2027-05-26,19:30:41,536.97,31,16646.07
2027-05-27,10:25:04,1080.14,28,30243.92
2027-05-28,18:41:51,733.16,51,37391.16
2027-05-29,15:26:30,820.06,42,34442.52
2027-05-30,11:02:37,716.92,62,44449.04
2027-05-31,18:01:19,739.94,50,36997.0
2027-06-01,19:03:28,673.94,60,40436.4
2027-06-02,14:35:50,757.96,54,40929.84
2027-06-03,10:34:04,745.06,63,46938.78
2027-06-04,09:48:34,721.85,49,35370.65
2027-06-05,14:55:52,847.09,58,49131.22
2027-06-06,12:59:57,725.72,53,38463.16
2027-06-07,20:32:35,740.37,43,31835.91
2027-06-08,09:12:08,873.82,40,34952.8
2027-06-09,09:11:38,794.87,48,38153.76
2027-06-10,20:05:54,875.78,32,28024.96
2027-06-11,12:52:03,781.62,22,17195.64
2027-06-12,13:39:39,771.67,14,10803.38
2027-06-13,11:03:20,809.21,21,16993.41
2027-06-14,15:47:46,851.39,14,11919.46
2027-06-15,19:15:39,670.16,18,12062.88
2027-06-16,10:12:40,743.36,1,743.36
2027-06-17,18:47:50,552.16,4,2208.64
2027-06-18,13:45:01,939.83,13,12217.79
2027-06-19,17:58:27,585.83,15,8787.45
2027-06-20,10:31:26,814.42,14,11401.88
2027-06-21,11:18:55,855.01,6,5130.06
2027-06-22,14:56:04,773.39,11,8507.29
2027-06-23,19:20:59,748.23,30,22446.9
2027-06-24,15:32:56,772.04,35,27021.4
2027-06-25,17:47:47,779.27,25,19481.75
2027-06-26,12:05:30,812.81,29,23571.49
2027-06-27,15:06:12,542.91,47,25516.77
2027-06-28,20:13:39,715.28,43,30757.04
2027-06-29,09:19:27,758.88,46,34908.48
2027-06-30,16:33:12,802.89,46,36932.94
2027-07-01,09:17:42,831.36,53,44062.08
2027-07-02,14:09:00,790.58,50,39529.0
2027-07-03,15:44:04,847.83,49,41543.67
2027-07-04,14:59:05,803.94,59,47432.46
2027-07-05,15:01:29,716.94,56,40148.64
2027-07-06,12:06:14,682.61,57,38908.77
2027-07-07,15:22:05,572.3,40,22892.0
2027-07-08,19:24:57,518.52,48,24888.96
2027-07-09,11:35:48,594.29,56,33280.24
2027-07-10,15:35:14,893.17,29,25901.93
2027-07-11,19:35:02,577.37,38,21940.06
2027-07-12,11:28:44,784.52,29,22751.08
2027-07-13,19:18:18,560.14,29,16244.06
2027-07-14,15:46:34,725.1,17,12326.7
2027-07-15,10:53:21,762.29,16,12196.64
2027-07-16,19:26:54,711.55,16,11384.8
2027-07-17,10:52:11,947.95,10,9479.5
2027-07-18,15:33:45,871.32,1,871.32
2027-07-19,13:48:57,572.23,2,1144.46
2027-07-20,18:48:27,624.29,4,2497.16
2027-07-21,10:57:36,789.05,13,10257.65
2027-07-22,12:11:56,985.1,20,19702.0
2027-07-23,09:25:42,693.84,18,12489.12
2027-07-24,15:01:17,837.68,34,28481.12
2027-07-25,19:51:21,662.09,33,21848.97
2027-07-26,16:39:29,548.34,40,21933.6
2027-07-27,15:28:42,1007.41,34,34251.94
2027-07-28,14:17:45,498.68,41,20445.88
2027-07-29,13:58:44,1128.36,48,54161.28
2027-07-30,15:15:56,879.2,66,58027.2
2027-07-31,16:29:22,759.04,58,44024.32
2027-08-01,16:51:35,846.39,45,38087.55
2027-08-02,12:50:07,798.8,64,51123.2
2027-08-03,20:45:48,816.26,46,37547.96
2027-08-04,16:20:32,771.41,48,37027.68
2027-08-05,13:55:49,723.31,52,37612.12
2027-08-06,20:30:59,779.69,50,38984.5
2027-08-07,16:17:36,590.8,41,24222.8
2027-08-08,20:11:02,579.3,41,23751.3
2027-08-09,19:18:00,652.51,42,27405.42
2027-08-10,09:22:04,746.64,36,26879.04
2027-08-11,16:08:51,702.72,35,24595.2
2027-08-12,18:58:29,470.98,39,18368.22
2027-08-13,15:36:43,877.58,20,17551.6
2027-08-14,14:31:10,854.54,10,8545.4
2027-08-15,18:36:18,826.38,16,13222.08
2027-08-16,10:49:48,702.24,15,10533.6
2027-08-17,19:34:29,555.25,17,9439.25
2027-08-18,16:26:30,687.15,14,9620.1
2027-08-19,16:01:29,829.99,6,4979.94
2027-08-20,16:49:38,703.07,10,7030.7
2027-08-21,16:58:30,752.81,20,15056.2
2027-08-22,13:18:05,893.07,24,21433.68
2027-08-23,14:44:12,664.95,27,17953.65
2027-08-24,10:19:08,703.87,39,27450.93
2027-08-25,14:53:53,562.23,59,33171.57
2027-08-26,11:37:15,838.95,32,26846.4
2027-08-27,10:01:49,778.32,54,42029.28
2027-08-28,17:25:55,759.96,54,41037.84
2027-08-29,12:38:36,690.01,62,42780.62
2027-08-30,16:04:30,760.63,56,42595.28
2027-08-31,20:45:44,856.27,58,49663.66
2027-09-01,20:55:18,905.2,59,53406.8
2027-09-02,19:54:58,681.74,59,40222.66
2027-09-03,20:55:56,713.85,48,34264.8
2027-09-04,13:04:43,800.98,52,41650.96
2027-09-05,09:08:24,805.83,40,32233.2
2027-09-06,18:26:22,658.17,52,34224.84
2027-09-07,18:31:39,896.87,26,23318.62
2027-09-08,16:46:56,738.64,43,31761.52
2027-09-09,15:39:20,806.27,33,26606.91
2027-09-10,18:19:51,759.76,29,22033.04
2027-09-11,13:48:32,841.82,5,4209.1
2027-09-12,19:29:57,608.47,18,10952.46
2027-09-13,09:35:05,745.17,23,17138.91
2027-09-14,19:06:35,741.26,9,6671.34
2027-09-15,15:18:20,892.78,1,892.78
2027-09-16,18:37:00,661.99,9,5957.91
2027-09-17,19:27:58,685.38,13,8909.94
2027-09-18,14:42:39,715.37,9,6438.33
2027-09-19,16:38:29,927.49,23,21332.27
2027-09-20,16:44:20,594.88,24,14277.12
2027-09-21,12:03:23,845.53,21,17756.13
2027-09-22,15:02:12,735.79,22,16187.38
2027-09-23,16:10:26,675.96,41,27714.36
2027-09-24,17:25:54,737.42,45,33183.9
2027-09-25,12:50:43,918.28,38,34894.64
2027-09-26,10:43:10,876.38,33,28920.54
2027-09-27,13:54:00,599.82,61,36589.02
2027-09-28,19:40:13,724.84,58,42040.72
2027-09-29,20:45:56,974.08,59,57470.72
2027-09-30,20:20:21,503.6,80,40288.0
2027-10-01,09:55:30,823.94,60,49436.4
2027-10-02,14:18:07,771.62,57,43982.34
2027-10-03,20:30:30,886.68,48,42560.64
2027-10-04,15:48:24,736.21,54,39755.34
2027-10-05,10:58:34,590.32,56,33057.92
2027-10-06,12:42:03,578.92,51,29524.92
2027-10-07,18:28:41,765.15,54,41318.1
2027-10-08,12:02:55,978.88,36,35239.68
2027-10-09,12:03:43,802.32,30,24069.6
2027-10-10,14:57:27,719.62,23,16551.26
2027-10-11,15:55:33,652.07,26,16953.82
2027-10-12,15:39:19,889.07,10,8890.7
2027-10-13,09:11:07,643.67,19,12229.73
2027-10-14,17:15:03,670.43,18,12067.74
2027-10-15,11:35:37,700.81,12,8409.72
2027-10-16,19:08:07,716.62,9,6449.58
2027-10-17,14:18:49,646.0,1,646.0
2027-10-18,20:10:51,851.9,22,18741.8
2027-10-19,17:52:01,685.42,23,15764.66
2027-10-20,18:15:07,709.15,27,19147.05
2027-10-21,16:35:55,847.38,15,12710.7
2027-10-22,19:28:52,716.84,43,30824.12
2027-10-23,10:20:35,834.92,33,27552.36
2027-10-24,14:35:59,890.49,38,33838.62
2027-10-25,19:46:50,572.23,44,25178.12
2027-10-26,20:08:00,610.5,42,25641.0
2027-10-27,19:34:48,705.65,65,45867.25
2027-10-28,12:40:16,1049.57,63,66122.91
2027-10-29,18:52:27,815.27,59,48100.93
2027-10-30,17:44:31,853.66,56,47804.96
2027-10-31,13:48:28,687.72,61,41950.92
2027-11-01,16:38:52,745.2,59,43966.8
2027-11-02,18:32:29,682.57,52,35493.64
2027-11-03,10:35:13,921.47,51,46994.97
2027-11-04,10:20:04,685.93,55,37726.15
2027-11-05,11:48:56,693.58,56,38840.48
2027-11-06,09:00:09,905.34,41,37118.94
2027-11-07,14:20:55,742.42,27,20045.34
2027-11-08,15:36:33,914.03,33,30162.99
2027-11-09,17:12:28,704.02,27,19008.54
2027-11-10,19:31:32,727.03,34,24719.02
2027-11-11,09:16:55,571.06,33,18844.98
2027-11-12,16:41:52,649.61,29,18838.69
2027-11-13,18:42:41,743.79,11,8181.69
2027-11-14,11:20:15,853.96,26,22202.96
2027-11-15,15:37:13,773.22,16,12371.52
2027-11-16,10:09:18,611.27,29,17726.83
2027-11-17,14:38:29,705.94,14,9883.16
2027-11-18,10:56:10,696.63,19,13235.97
2027-11-19,10:55:38,804.51,25,20112.75
2027-11-20,14:52:48,841.5,28,23562.0
2027-11-21,14:39:44,904.78,39,35286.42
2027-11-22,14:00:17,680.36,38,25853.68
2027-11-23,11:52:24,697.41,53,36962.73
2027-11-24,20:07:14,672.85,55,37006.75
2027-11-25,11:25:02,667.86,53,35396.58
2027-11-26,09:06:24,758.54,62,47029.48
2027-11-27,09:06:44,921.45,54,49758.3
2027-11-28,20:22:23,569.07,82,46663.74
2027-11-29,17:06:29,502.83,50,25141.5
2027-11-30,12:32:43,891.06,66,58809.96
2027-12-01,14:06:24,537.22,54,29009.88
2027-12-02,18:03:26,821.0,58,47618.0
2027-12-03,11:44:20,648.26,59,38247.34
2027-12-04,19:45:57,863.52,62,53538.24
2027-12-05,13:11:46,772.12,44,33973.28
2027-12-06,15:32:54,758.53,53,40202.09
2027-12-07,15:32:04,861.34,29,24978.86
2027-12-08,10:00:36,769.3,43,33079.9
2027-12-09,12:01:56,835.92,24,20062.08
2027-12-10,10:20:09,738.86,25,18471.5
2027-12-11,17:56:41,788.66,18,14195.88
2027-12-12,12:44:16,760.15,27,20524.05
2027-12-13,19:46:05,655.03,25,16375.75
2027-12-14,18:40:16,594.97,20,11899.4
2027-12-15,13:45:00,729.26,7,5104.82
2027-12-16,15:05:49,603.32,13,7843.16
2027-12-17,10:15:44,942.1,7,6594.7
2027-12-18,19:29:04,782.19,5,3910.95
2027-12-19,20:53:03,670.8,35,23478.0
2027-12-20,16:24:17,763.21,27,20606.67
2027-12-21,19:03:07,771.05,32,24673.6
2027-12-22,11:00:39,890.81,48,42758.88
2027-12-23,13:01:29,669.96,43,28808.28
2027-12-24,20:58:45,759.95,44,33437.8
2027-12-25,16:55:38,879.92,51,44875.92
2027-12-26,17:54:09,545.84,54,29475.36
2027-12-27,19:18:51,722.39,64,46232.96
2027-12-28,20:55:44,715.26,62,44346.12
2027-12-29,11:20:27,706.39,62,43796.18
2027-12-30,20:29:08,692.78,62,42952.36
2027-12-31,15:44:45,743.07,63,46813.41
2028-01-01,19:27:06,595.39,65,38700.35
2028-01-02,20:53:28,675.75,56,37842.0
2028-01-03,15:22:08,417.88,58,24237.04
2028-01-04,14:19:58,868.32,48,41679.36
2028-01-05,14:29:18,823.29,43,35401.47
2028-01-06,13:14:14,602.53,43,25908.79
2028-01-07,09:20:52,809.69,29,23481.01
2028-01-08,20:02:44,600.98,40,24039.2
2028-01-09,12:22:53,654.59,28,18328.52
2028-01-10,19:24:01,890.18,16,14242.88
2028-01-11,16:24:58,735.56,21,15446.76
2028-01-12,13:23:01,748.64,16,11978.24
2028-01-13,12:37:31,741.45,4,2965.8
2028-01-14,20:00:49,790.68,17,13441.56
2028-01-15,10:55:49,635.95,12,7631.4
2028-01-16,20:44:49,577.49,29,16747.21
2028-01-17,11:13:37,710.55,21,14921.55
2028-01-18,10:55:41,609.3,34,20716.2
2028-01-19,16:12:14,800.35,25,20008.75
2028-01-20,15:29:46,579.42,39,22597.38
2028-01-21,11:50:09,633.1,51,32288.1
2028-01-22,13:55:15,731.27,44,32175.88
2028-01-23,17:02:00,683.64,48,32814.72
2028-01-24,17:48:23,924.53,57,52698.21
2028-01-25,20:45:18,546.96,68,37193.28
2028-01-26,10:17:17,707.47,60,42448.2
2028-01-27,10:20:54,780.43,50,39021.5
2028-01-28,20:58:08,862.89,60,51773.4
2028-01-29,19:27:40,672.05,72,48387.6
2028-01-30,20:03:31,696.51,60,41790.6
2028-01-31,14:30:56,840.14,61,51248.54
2028-02-01,15:03:53,612.82,58,35543.56
2028-02-02,14:32:43,910.03,39,35491.17
2028-02-03,19:15:32,754.91,47,35480.77
2028-02-04,16:32:49,654.3,53,34677.9
2028-02-05,11:12:21,633.48,27,17103.96
2028-02-06,12:59:48,610.26,40,24410.4
2028-02-07,10:32:49,737.6,23,16964.8
2028-02-08,10:11:40,720.59,32,23058.88
2028-02-09,19:50:37,611.59,30,18347.7
2028-02-10,19:09:46,828.18,17,14079.06
2028-02-11,12:20:15,630.43,19,11978.17
2028-02-12,10:44:14,599.48,14,8392.72
2028-02-13,13:45:44,793.96,7,5557.72
2028-02-14,15:43:34,516.32,34,17554.88
2028-02-15,20:08:38,914.41,11,10058.51
2028-02-16,13:13:03,678.08,35,23732.8
2028-02-17,10:43:58,725.79,21,15241.59
2028-02-18,10:41:30,799.17,34,27171.78
2028-02-19,12:13:57,653.35,30,19600.5
2028-02-20,15:13:35,571.94,49,28025.06
2028-02-21,15:41:11,794.81,44,34971.64
2028-02-22,20:51:19,678.52,51,34604.52
2028-02-23,20:27:20,443.27,66,29255.82
2028-02-24,14:04:31,833.64,56,46683.84
2028-02-25,19:00:34,736.11,54,39749.94
2028-02-26,18:17:14,932.28,68,63395.04
2028-02-27,10:09:48,657.96,61,40135.56
2028-02-28,11:49:21,518.58,75,38893.5
2028-02-29,16:58:52,655.2,74,48484.8
2028-03-01,12:08:34,819.38,60,49162.8
2028-03-02,15:39:14,857.61,67,57459.87
2028-03-03,14:58:28,1011.84,56,56663.04
2028-03-04,15:06:09,876.03,45,39421.35
2028-03-05,19:25:45,736.92,58,42741.36
2028-03-06,19:11:08,917.92,31,28455.52
2028-03-07,15:24:21,717.3,35,25105.5
2028-03-08,12:48:36,783.66,30,23509.8
2028-03-09,20:02:29,544.51,36,19602.36
2028-03-10,19:52:24,644.59,34,21916.06
2028-03-11,13:41:47,850.97,26,22125.22
2028-03-12,14:12:57,855.62,18,15401.16
2028-03-13,16:41:33,746.08,16,11937.28
2028-03-14,20:55:28,776.35,5,3881.75
2028-03-15,16:18:49,712.79,10,7127.9
2028-03-16,13:31:22,612.79,36,22060.44
2028-03-17,15:33:44,574.52,14,8043.28
2028-03-18,15:28:41,860.73,21,18075.33
2028-03-19,11:54:48,666.91,42,28010.22
2028-03-20,15:16:14,554.67,43,23850.81
2028-03-21,10:27:20,873.17,47,41038.99
2028-03-22,11:54:38,849.48,50,42474.0
2028-03-23,14:21:02,724.49,64,46367.36
2028-03-24,10:13:52,666.73,61,40670.53
2028-03-25,17:15:21,830.78,65,54000.7
2028-03-26,12:46:08,728.41,60,43704.6
2028-03-27,12:56:18,582.6,74,43112.4
2028-03-28,15:09:55,931.23,62,57736.26
2028-03-29,09:05:02,806.12,64,51591.68
2028-03-30,13:43:42,951.72,70,66620.4
2028-03-31,09:00:55,692.88,72,49887.36
2028-04-01,11:25:17,782.59,73,57129.07
2028-04-02,16:58:19,845.03,68,57462.04
2028-04-03,11:15:50,578.81,63,36465.03
2028-04-04,09:35:25,861.54,35,30153.9
2028-04-05,13:39:08,760.06,56,42563.36
2028-04-06,19:59:37,666.58,46,30662.68
2028-04-07,10:17:01,761.35,28,21317.8
2028-04-08,13:10:34,876.07,32,28034.24
2028-04-09,10:25:26,928.22,14,12995.08
2028-04-10,10:25:22,761.28,26,19793.28
2028-04-11,14:00:30,856.15,9,7705.35
2028-04-12,13:48:22,681.57,14,9541.98
2028-04-13,14:19:41,693.48,25,17337.0
2028-04-14,19:43:58,699.89,28,19596.92
2028-04-15,09:25:31,640.72,26,16658.72
2028-04-16,20:22:20,696.98,24,16727.52
2028-04-17,20:14:01,560.41,18,10087.38
2028-04-18,15:28:53,565.08,36,20342.88
2028-04-19,20:00:50,539.6,46,24821.6
2028-04-20,18:37:54,872.48,40,34899.2
2028-04-21,18:57:34,739.49,49,36235.01
2028-04-22,11:15:52,755.09,53,40019.77
2028-04-23,19:41:58,743.06,57,42354.42
2028-04-24,11:51:07,688.16,64,44042.24
2028-04-25,16:01:29,787.27,63,49598.01
2028-04-26,09:17:42,676.87,79,53472.73
2028-04-27,17:18:46,943.01,50,47150.5
2028-04-28,10:43:49,677.99,67,45425.33
2028-04-29,10:17:12,770.14,62,47748.68
2028-04-30,19:50:56,853.22,66,56312.52
2028-05-01,09:59:56,599.84,66,39589.44
2028-05-02,10:42:48,787.6,70,55132.0
2028-05-03,20:49:23,764.0,68,51952.0
2028-05-04,11:06:01,790.75,43,34002.25
2028-05-05,11:17:38,757.28,44,33320.32
2028-05-06,13:36:56,606.63,43,26085.09
2028-05-07,16:25:34,875.85,27,23647.95
2028-05-08,10:46:11,694.45,35,24305.75
2028-05-09,16:14:29,738.59,25,18464.75
2028-05-10,12:59:29,779.45,15,11691.75
2028-05-11,12:35:10,750.43,19,14258.17
2028-05-12,11:12:23,938.62,9,8447.58
2028-05-13,12:23:19,889.96,25,22249.0
2028-05-14,13:22:08,690.28,35,24159.8
2028-05-15,15:27:55,670.97,26,17445.22
2028-05-16,10:52:18,814.63,26,21180.38
2028-05-17,13:25:13,814.46,30,24433.8
2028-05-18,18:47:20,1110.67,37,41094.79
2028-05-19,14:18:43,740.88,48,35562.24
2028-05-20,18:35:29,586.93,47,27585.71
2028-05-21,11:49:27,794.05,51,40496.55
2028-05-22,11:55:54,986.26,56,55230.56
2028-05-23,13:47:40,871.55,50,43577.5
2028-05-24,10:03:32,889.11,70,62237.7
2028-05-25,16:47:04,783.34,78,61100.52
2028-05-26,16:34:45,587.91,80,47032.8
2028-05-27,16:28:20,856.49,59,50532.91
2028-05-28,09:26:45,684.03,58,39673.74
2028-05-29,10:33:42,690.43,75,51782.25
2028-05-30,10:52:47,748.04,62,46378.48
2028-05-31,16:32:19,660.74,68,44930.32
2028-06-01,12:13:33,928.48,68,63136.64
2028-06-02,11:56:29,734.26,51,37447.26
2028-06-03,12:51:58,724.27,48,34764.96
2028-06-04,14:35:19,542.69,51,27677.19
2028-06-05,16:37:26,893.87,29,25922.23
2028-06-06,12:37:26,928.66,27,25073.82
2028-06-07,15:53:38,610.51,34,20757.34
2028-06-08,18:49:18,572.22,28,16022.16
2028-06-09,10:12:04,665.86,30,19975.8
2028-06-10,11:59:47,831.38,40,33255.2
2028-06-11,11:31:51,609.57,24,14629.68
2028-06-12,19:35:10,611.34,18,11004.12
2028-06-13,13:33:09,664.04,34,22577.36
2028-06-14,20:30:27,736.82,13,9578.66
2028-06-15,12:54:03,649.58,19,12342.02
2028-06-16,16:59:06,492.54,32,15761.28
2028-06-17,15:12:30,882.17,31,27347.27
2028-06-18,20:33:25,716.83,37,26522.71
2028-06-19,09:01:57,551.84,49,27040.16
2028-06-20,14:15:35,780.89,53,41387.17
2028-06-21,12:40:34,1040.58,59,61394.22
2028-06-22,19:38:48,709.49,62,43988.38
2028-06-23,09:14:06,841.1,59,49624.9
2028-06-24,12:02:34,723.32,75,54249.0
2028-06-25,12:48:23,716.04,65,46542.6
2028-06-26,15:18:20,607.45,62,37661.9
2028-06-27,17:54:03,1087.12,74,80446.88
2028-06-28,10:47:49,709.85,79,56078.15
2028-06-29,17:21:45,755.1,62,46816.2
2028-06-30,20:41:41,696.6,63,43885.8
2028-07-01,16:19:46,823.02,53,43620.06
2028-07-02,19:16:16,853.71,57,48661.47
2028-07-03,19:50:51,863.44,62,53533.28
2028-07-04,09:34:08,792.48,51,40416.48
2028-07-05,19:50:01,685.56,50,34278.0
2028-07-06,12:35:41,730.76,43,31422.68
2028-07-07,20:48:53,701.7,33,23156.1
2028-07-08,09:30:28,823.88,34,28011.92
2028-07-09,09:31:57,771.95,30,23158.5
2028-07-10,14:43:38,719.19,34,24452.46
2028-07-11,17:57:34,769.29,18,13847.22
2028-07-12,20:02:36,886.36,7,6204.52
2028-07-13,14:35:28,472.52,35,16538.2
2028-07-14,09:00:09,866.73,26,22534.98
2028-07-15,13:37:24,602.92,29,17484.68
2028-07-16,15:13:42,584.43,34,19870.62
2028-07-17,11:44:25,617.55,57,35200.35
2028-07-18,09:36:59,682.22,39,26606.58
2028-07-19,20:03:29,780.07,41,31982.87
2028-07-20,10:28:07,523.68,57,29849.76
2028-07-21,18:33:07,764.5,65,49692.5
2028-07-22,11:21:52,831.77,76,63214.52
2028-07-23,09:22:22,1029.67,65,66928.55
2028-07-24,14:20:16,579.12,63,36484.56
2028-07-25,16:38:54,659.68,86,56732.48
2028-07-26,12:57:11,796.71,71,56566.41
2028-07-27,17:58:13,981.47,62,60851.14
2028-07-28,16:23:34,642.86,66,42428.76
2028-07-29,19:04:18,991.0,71,70361.0
2028-07-30,16:50:53,508.88,72,36639.36
2028-07-31,20:41:18,529.9,69,36563.1
2028-08-01,20:19:12,794.26,66,52421.16
2028-08-02,13:59:48,640.71,49,31394.79
2028-08-03,17:37:17,584.11,60,35046.6
2028-08-04,12:23:39,625.96,41,25664.36
2028-08-05,09:03:55,813.81,52,42318.12
2028-08-06,20:55:29,471.99,42,19823.58
2028-08-07,09:31:48,859.19,21,18042.99
2028-08-08,11:22:47,851.04,10,8510.4
2028-08-09,19:04:58,678.14,31,21022.34
2028-08-10,10:27:36,631.97,22,13903.34
2028-08-11,14:16:59,857.96,20,17159.2
2028-08-12,11:16:02,661.56,31,20508.36
2028-08-13,10:30:15,876.35,31,27166.85
2028-08-14,19:02:39,645.58,40,25823.2
2028-08-15,10:39:11,816.02,24,19584.48
2028-08-16,15:04:12,685.47,49,33588.03
2028-08-17,11:13:27,772.95,38,29372.1
2028-08-18,20:37:12,466.3,37,17253.1
2028-08-19,17:28:43,770.46,45,34670.7
2028-08-20,15:28:45,749.31,60,44958.6
2028-08-21,14:53:24,784.72,55,43159.6
2028-08-22,13:18:44,714.8,67,47891.6
2028-08-23,14:21:22,673.28,74,49822.72
2028-08-24,15:38:50,757.24,71,53764.04
2028-08-25,09:01:17,669.53,71,47536.63
2028-08-26,20:12:25,706.61,65,45929.65
2028-08-27,14:43:31,668.73,74,49486.02
2028-08-28,13:43:04,730.61,56,40914.16
2028-08-29,12:54:20,617.72,65,40151.8
2028-08-30,13:50:49,881.04,54,47576.16
2028-08-31,14:08:40,710.47,58,41207.26
2028-09-01,11:38:30,695.3,53,36850.9
2028-09-02,17:08:07,682.56,57,38905.92
2028-09-03,16:49:33,741.75,55,40796.25
2028-09-04,20:01:51,876.92,28,24553.76
2028-09-05,12:19:14,721.16,49,35336.84
2028-09-06,11:10:04,692.93,26,18016.18
2028-09-07,10:49:25,775.0,28,21700.0
2028-09-08,10:39:44,702.07,30,21062.1
2028-09-09,14:58:46,513.36,45,23101.2
2028-09-10,19:23:58,674.88,22,14847.36
2028-09-11,14:09:34,784.48,12,9413.76
2028-09-12,11:33:04,713.03,38,27095.14
2028-09-13,14:18:16,856.64,23,19702.72
2028-09-14,09:36:32,849.42,30,25482.6
2028-09-15,18:26:56,758.62,31,23517.22
2028-09-16,12:07:26,593.94,44,26133.36
2028-09-17,14:06:21,802.75,42,33715.5
2028-09-18,19:07:35,615.53,62,38162.86
2028-09-19,16:25:27,603.45,63,38017.35
2028-09-20,10:06:58,872.38,57,49725.66
2028-09-21,12:08:22,617.86,77,47575.22
2028-09-22,09:32:50,925.8,70,64806.0
2028-09-23,20:25:57,837.81,59,49430.79
2028-09-24,16:33:22,829.81,79,65554.99
2028-09-25,17:38:30,700.97,77,53974.69
2028-09-26,13:53:06,724.45,83,60129.35
